District code,Block code,Panchayat code,Panchayat
215,1187,95111,ADHLOAM
215,1187,95112,ALINAGAR
215,1187,95113,DHAMURA DHAMSAIN
215,1187,95114,GAROUL
215,1187,95115,HANUMAN NAGAR
215,1187,95116,HARIYATH
215,1187,95117,HARSING PUR
215,1187,95121,LAHTA TUMAUL SUHATH
215,1187,95118,MOHIUDINPUR PAKRI
215,1187,95119,MOTI PUR
215,1187,95120,NARMA  NAVNAGAR
215,1189,95122,BAHADURPUR DEKULI
215,1189,95123,BAJID PUR
215,1189,95124,BARUARA
215,1189,95125,BASAT PUR
215,1189,95126,BIUNI ANDAMA
215,1189,95127,DARHAR
215,1189,95128,DILABAR PUR
215,1189,95129,HARI PATTI
215,1189,95130,JALWARA
215,1189,95131,KHAIRA
215,1189,95132,KHARAJ PUR
215,1189,95133,KUSOTHAR
215,1189,95134,MANIYARI
215,1189,95135,MEKNABEDA
215,1189,95136,OJHOUL
215,1189,95137,PIRRI
215,1189,95138,PREMJIWAR
215,1189,95139,RAMBHADRA PUR
215,1189,95140,SIMRA NEHAL PUR
215,1189,95141,TARALAHI
215,1189,95142,TIKAPATTI
215,1189,95143,UGHARA
215,1189,95144,UGHRA MAHAPARA
215,1192,95145,ATAHAR NORTH
215,1192,95146,ATAHAR SOUTH
215,1192,95147,BAGHOUNI
215,1192,95150,BALIGAON
215,1192,95151,BHACHHI
215,1192,95152,BITHOULI
215,1192,95153,CHAKWA BHARWARI
215,1192,95154,DHANOULI
215,1192,95155,DOHAT NARAIN
215,1192,95156,ENAI
215,1192,95157,GANGDAH SHEORAM
215,1192,95158,GUJROULI RAMOULI
215,1192,95159,HARHACHA
215,1192,95163,Hathidih Middle
215,1192,95160,HATHOURI NORTH
215,1192,95161,HATHOURI SOUTH
215,1192,95162,HAVIDIH NORTH
215,1192,95164,HAWIDIH SOUTH
215,1192,95165,JORJA
215,1192,95166,MITHUNIA
215,1192,95167,NIMAITHI
215,1192,95168,PAGHARI
215,1192,95169,SAMADHPURA
215,1192,95170,SUSARI  TURKI
215,1192,95171,THATHOPUR
215,1188,95174,BATHO RADHIYAM
215,1188,95177,DEVRAM AMETHI
215,1188,95179,GANESH BANAUL BALNI
215,1188,95180,HARIPUR
215,1188,95181,HAVI BHOUAR
215,1188,95182,JARISON
215,1188,95183,MADHOPUR    MAHAMDPUR
215,1188,95184,MAHINAM
215,1188,95186,MAKRAM PUR
215,1188,95187,NAWADA
215,1188,95188,POHADI   WEST
215,1188,95189,RAMOULI
215,1188,95190,SAJAUPURA
215,1188,95191,SAJHUAR
215,1188,95192,SHIVRAM
215,1188,95193,TAROUNI
215,1193,95195,AKBARPUR BENK
215,1193,95196,ARGA USARI
215,1193,95197,BAIRAMPUR
215,1193,95198,BHAWANIPUR
215,1193,95199,BIRAUL
215,1193,95200,DEKULI JAGNATHPUR
215,1193,95201,DUMARI
215,1193,95202,GANAURA TARWARA
215,1193,95203,ITWA SHIV NAGAR
215,1193,95204,KAHUA
215,1193,95205,KAMARKALA
215,1193,95206,LADAHO
215,1193,95207,MANOR BHAURAM
215,1193,95208,NEURI
215,1193,95209,PARRI
215,1193,95210,PATANIYA
215,1193,95211,POKHRAM NORTH
215,1193,95212,POKHRAM SOUTH
215,1193,95213,RAMNAGAR
215,1193,95214,ROHAR MAHMUDA
215,1193,95215,SAHASRAM
215,1193,95216,Saho
215,1193,95217,SONPUR PAGHARI
215,1193,95218,SUPAUL
215,1193,95219,UCHATI
215,1184,95220,ADALPUR
215,1184,95221,ATIHAR
215,1184,95222,BALHA
215,1184,95223,BASUDEOPUR
215,1184,95224,BHAL PATTI
215,1184,95225,BIJULI
215,1184,95226,CHHOTAIPATTI
215,1184,95227,DHOI
215,1184,95228,DULARPUR
215,1184,95229,GHORGHATTA
215,1184,95230,KABIRCHAK
215,1184,95231,KANSI
215,1184,95232,KHARUA
215,1184,95233,KHUTWARA
215,1184,95234,LOAM
215,1184,95235,MURIA
215,1184,95236,NAINAGHAT
215,1184,95237,RANIPUR
215,1184,95238,SAHBAJPUR
215,1184,95239,SARAMAHMAD
215,1184,95240,SISO EAST
215,1184,95241,SISO WEST
215,1184,95242,SONKI
215,1194,95256,BORHIAB INYATPUR
215,1194,95257,BRAHMPUR MASWASI
215,1194,95258,GANOUN
215,1194,95260,JAIDEOPATTI
215,1194,95261,KORTHO EAST
215,1194,95262,Korthu West
215,1194,999001,Lagma
215,1194,95264,POHADI BELA
215,1194,95265,PUNHAD
215,1194,95267,TUMOUL
215,1196,95243,AASI
215,1196,95244,ADHAR PUR
215,1196,95245,BANGRASI
215,1196,95246,BOURAM
215,1196,95247,GOURA MANSINGH
215,1196,95248,KANHAI
215,1196,95255,KASRAUR KARKAULI
215,1196,95249,KASROUR BASOULI
215,1196,95250,KASROUR BELWARA
215,1196,95251,KUMAI BHADON
215,1196,95252,MANSARA
215,1196,95253,NADAI
215,1196,95254,NARI
215,1190,95268,ARAILA
215,1190,95269,DIHLAHI
215,1190,95270,GODAI PATTI
215,1190,95271,GORHALLA
215,1190,95272,GORHIYARI
215,1190,95273,MORO
215,1190,95274,NARSARA
215,1190,95275,NEYAM CHHATOUNA
215,1190,95276,PANCHOBH
215,1190,95277,PATORI
215,1190,95278,RAMPUR DIH
215,1190,95279,RUPOULI
215,1190,95280,SINUARA
215,1190,95281,THALWARA
215,1191,95282,ANAND PUR SAHORA
215,1191,95283,CHANDAN PATTI
215,1191,95284,GHOSRAMA
215,1191,95285,MAJHOULIA
215,1191,95286,MALHI PATTI NORTH
215,1191,95287,MALHI PATTI SOUTH
215,1191,95288,MIRJA PUR
215,1191,95289,PATOR
215,1191,95290,POURAM
215,1191,95291,RASALPUR
215,1191,95292,SHRI RAMPUR
215,1191,95293,SIDHOULI
215,1181,95296,AHIYARI SOUTH
215,1181,95298,BANDHOULI
215,1181,95299,BARAMPUR (E)
215,1181,95300,BRAHMAPUR WEST
215,1181,95301,DHADHIYA
215,1181,95302,DOGHRA
215,1181,95305,JALLEY EAST
215,1181,95307,KACHHUA
215,1181,95309,KARWA TARIYANI
215,1181,95310,KATRAUL BASANT
215,1181,95311,KAZI BAHERA
215,1181,95312,MASSA
215,1181,95313,MURAITHA
215,1181,95314,RADAI (N)
215,1181,95315,RADHI EAST
215,1181,95316,RADHI SOUTH
215,1181,95317,RARHI WEST
215,1181,95318,RATANPUR
215,1181,95319,REORHA
215,1181,95320,SAHASPUR
215,1181,95321,YOGIARA
215,1183,95322,ASRAHA
215,1183,95323,BANSARA
215,1183,95324,BARAHI
215,1183,95325,BARIAUL
215,1183,95326,CHHACHHA PACHADHI
215,1183,95327,CHHATWAN
215,1183,95328,DIGHIYAR
215,1183,95329,JALWARA
215,1183,95330,KARJAPATTI
215,1183,95331,KEOTI
215,1183,95332,KHIRMA
215,1183,95333,KOILA ASTHAN
215,1183,95334,KOTHIA
215,1183,95335,LADARI
215,1183,95336,LAHWAR
215,1183,95337,LALGANJ
215,1183,95338,MADHO PATTI
215,1183,95339,MAJHIGAMA
215,1183,95340,NANAURA
215,1183,95341,NAYA GAON EAST
215,1183,95342,NAYA GAON WEST
215,1183,95343,PAIGAMBARPUR
215,1183,95344,PINDARUCH
215,1183,95345,RAJAURA
215,1183,95346,SARJAPUR
215,1183,95347,SHEKHPUR DANI
215,1195,95348,JAMALPUR
215,1195,95349,JHAGARUA TARWARA
215,1195,95350,JHAGRUA
215,1195,95351,KHAISA JAMALPUR
215,1195,95352,Kiratpur
215,1195,95353,KUBOUL DHAGHA
215,1195,95354,NARKATIA BHANDARA
215,1195,95355,RASIARI  PAUNI
215,1197,95356,AURAHI
215,1197,95357,BARGAWN
215,1197,95358,BARNA
215,1197,95359,BERI
215,1197,95360,BHADAHAR
215,1197,95361,BISAHARIA MOHIM BUJURG
215,1197,95362,CHIGRI SIMRAHA
215,1197,95363,DINMO
215,1197,95364,GOTHANI
215,1197,95365,HARAULI
215,1197,95366,HARINAGAR
215,1197,95367,HIRNI
215,1197,95368,MASANKHON
215,1197,95369,PAKAHI JHAJHRA
215,1198,95370,BHINDUA
215,1198,95371,ITAHAR
215,1198,95372,K. STHAN (S)
215,1198,95374,KEWATGAMA
215,1198,95375,MAHISAUTH
215,1198,95376,SUGHRAIN
215,1198,95377,TILKESHWAR
215,1198,95378,UIJUWA SIMARTOKA
215,1198,95379,USARI
215,1185,95380,BAGHANT
215,1185,95381,BALAUR
215,1185,95382,BAZID PUR
215,1185,95383,BHANDARISON
215,1185,95384,BRAMHPUR
215,1185,95385,BRAMHPURA BHATPURA
215,1185,95386,CHANAUR
215,1185,95387,GANGAULI KANAKPUR
215,1185,95388,JAGDISHPUR
215,1185,95389,KATMA BAHAURAWA
215,1185,95390,MAUBEHAT
215,1185,95391,NEHARA WEST
215,1185,95392,Nehra East
215,1185,95393,PAIKTOL JATUKA
215,1185,95394,PAITHAN KABAI
215,1185,95395,RAGHOPUR  NORTH
215,1185,95396,Raghopur East
215,1185,95397,RAGHOPUR SOUTH
215,1185,95398,RAGHOPUR WEST
215,1185,95399,Raje
215,1185,95400,TATUAR
215,1185,95401,UJAN
215,1182,95402,ARAI BIRDIPUR
215,1182,95403,ASTHUA
215,1182,95404,BANAULI
215,1182,95405,BHARATHI
215,1182,95406,BHARHULLI
215,1182,95408,BHAWANIPUR
215,1182,95409,HARIHAR PUR (E)
215,1182,95410,HARIHARPUR (WEST)
215,1182,95411,HARPUR
215,1182,95412,KALIGAWN
215,1182,95413,KATASSA
215,1182,95414,KATKA
215,1182,95415,MADHOPUR BASTWARA
215,1182,95416,MANKAULI
215,1182,95417,NISTA
215,1182,95418,RAJO
215,1182,95419,RAMPURA
215,1182,95420,SADHWARA
215,1182,95421,SANAHPUR
215,1182,95422,SHANKAR PUR
215,1182,95423,SIMRI
215,1182,95426,TEKTAR
215,1186,95427,BAIKA
215,1186,95428,BISAHATH BATHIA
215,1186,95429,IJARAHTA
215,1186,95430,KAITHWAR
215,1186,95431,KAKODHA
215,1186,95432,KATHARA
215,1186,95433,KURSOMACHOTA
215,1186,95434,LAGMA
215,1186,95435,MAHTHAUR
215,1186,95436,NADIAMI KURSON
215,1186,95437,POKHAR BHINDA
215,1186,95438,RAJAKHAR WAR
215,1186,95439,SHERPUR NARAYANPUR
215,1186,95440,THENGAHA
227,1365,96896,AJNI GHAT
227,1365,96897,DUMRI
227,1365,96898,GANGASARAI
227,1365,96899,GIRDHARPUR
227,1365,96900,JAITPUR
227,1365,96901,KHUTAHA EAST
227,1365,96902,KHUTAHA WEST
227,1365,96903,LAXMIPUR
227,1365,96904,PALI
227,1369,96905,BHALUI
227,1369,96906,GOHRI
227,1369,96907,ITON
227,1369,96908,JANKI DIH
227,1369,96909,KHUTUK PAR
227,1369,96910,KUNDAR
227,1369,96911,LAKHO CHAK
227,1369,96912,MAHESHLETA
227,1369,96913,MALIA
227,1369,96914,SANGRAM PUR
227,1371,96915,BALLOPUR
227,1371,96916,BHANPURA
227,1371,96917,DHIRA
227,1371,96918,GERUWA PURSANDA
227,1371,96919,HALSI
227,1371,96920,KAINDI
227,1371,96921,MOHADDINAGAR
227,1371,96922,PRATAPPUR
227,1371,96923,SADHMAF
227,1371,96924,SHIRKHANDI
227,1368,96925,AMHARA
227,1368,96926,BALGUDAR
227,1368,96927,BILAURI
227,1368,96928,DAMODARPUR
227,1368,96929,GARHI BISUN PUR
227,1368,96930,KACHHIANA
227,1368,96931,KHAGOR
227,1368,96932,MAHISAUNA
227,1368,96933,MORMA
227,1368,96934,SABIK PUR
227,1366,96935,MOHANPUR
227,1366,96936,OLIPUR
227,1366,96937,PIPARIYA
227,1366,96938,RAMCHANDARPUR
227,1366,96939,SAIDPURA
227,1370,96940,AURE
227,1370,96941,BHAWARIA
227,1370,96942,BILLO
227,1370,96943,NAND NAMA
227,1370,96944,NONGARH
227,1370,96945,SHARMA
227,1370,96946,SURARI IMAM NAGAR
227,1370,96947,TETARHAT
227,1367,96948,ALI NAGAR
227,1367,96949,AMARPUR
227,1367,96950,ARMA
227,1367,96951,AVGIL RAMPUR
227,1367,96952,BANSIPUR
227,1367,96953,BARIYARPUR
227,1367,96954,BUDHAULI BANKAR
227,1367,96955,CHANDAN PURA
227,1367,96956,CHORA-RAJPUR
227,1367,96957,GHOSAITH
227,1367,96960,KASWA
227,1367,96961,KAWADPUR
227,1367,96962,KHAWA RAJPUR
227,1367,96963,KIRANPUR
227,1367,96964,LOSGHANI
227,1367,96965,MADANPUR
227,1367,96966,MAHESHPUR
227,1367,96967,MOHAMMADPUR
227,1367,96968,RAMPUR
227,1367,96969,SALEMPUR   EAST
227,1367,96971,SHREE KISHUN
227,1367,96973,TAJPUR
227,1367,96974,TORALPUR
227,1367,96975,URAIN
213,1169,96979,BARGAWN
213,1169,96980,BASANBARA
213,1169,96981,BISPATTI
213,1169,96982,GANGAPUR
213,1169,96983,ITAHRI
213,1169,96984,KHAPUR
213,1169,96985,KHURHAN
213,1169,96986,KISHAN PUR RATWARA
213,1169,96987,KUNJAURI
213,1169,96988,NARTHUA BHAGIPUR
213,1169,96989,SINGHAR
213,1166,96990,BABHANGAMA
213,1166,96992,GAMAIL
213,1166,96993,HATHIONDHA
213,1166,96995,LAXMIPUR LALCHAND
213,1166,96996,MADHUKAR CHAK
213,1166,96997,MOHANPUR
213,1166,96998,PARARIA
213,1166,96999,RAJGANJ
213,1166,97000,SEKHAPURA
213,1166,97001,TULSIA
213,1170,97002,ARAJPUR EAST
213,1170,97003,ARAJPUR WEST
213,1170,97004,CHIRORI
213,1170,97005,CHOUSA EAST
213,1170,97006,chousa WEST
213,1170,97007,FULAUT EAST
213,1170,97008,FULOUT WEST
213,1170,97009,GHOSAI
213,1170,97010,LAWALAGAN  EAST
213,1170,97011,LAWALAGAN  WEST
213,1170,97012,MORSANDA
213,1170,97013,PAINA
213,1170,97014,RASALPUR DHURIA
213,1158,97015,AURAHI EKPARHA
213,1158,97016,BABHNI
213,1158,97017,BHELWA
213,1158,97018,CHIKANI
213,1158,97019,GAMAHARIA
213,1158,97020,ITWA JIWACHH PUR
213,1158,97021,JIWACHPUR
213,1158,97022,KORIHAR TARWAY
213,1160,97023,ARAHA MAHUWA DIGHARA
213,1160,97024,BARDAHA
213,1160,97025,BHAN TEKHTHI
213,1160,97026,BHATRANDHA PARMANPUR
213,1160,97027,CHITTI
213,1160,97028,GHAILAR
213,1160,97029,JHITKIYA
213,1160,97030,RATAN PURA
213,1160,97031,SRINAGAR
213,1165,97032,BIRGAWN CHATARA
213,1165,97033,BISWARI
213,1165,97034,GWALPARA
213,1165,97035,JHALARI
213,1165,97036,JHITAKIA KALOUTAHA
213,1165,97037,KHOKASI
213,1165,97038,PIRNAGAR
213,1165,97039,RESHANA
213,1165,97040,SARAUNI
213,1165,97041,SHAHPUR
213,1165,97042,SUKHASAN
213,1165,97043,TEMA BHELA
213,1167,97130,BARAHI ANANDPUR A
213,1167,97131,BIRIRANPAL
213,1167,97132,BUDHMA
213,1167,97133,GOPALPUR
213,1167,97134,JOTAILI
213,1167,97135,KHARA
213,1167,97137,LASKARI
213,1167,97139,MADHUBAN
213,1167,97140,MANJAURA
213,1167,97141,NAYANAGAR
213,1167,97142,PIPRA KAROUTI
213,1167,97145,SAHJADPUR
213,1163,97044,BASIADH
213,1163,97045,BELARI
213,1163,97046,BISHAN PUR SUNDAR
213,1163,97047,BISHANPUR BAZAR
213,1163,97048,BISHUNPUR KORLAHI
213,1163,97049,ISARAIN BELA
213,1163,97050,ISARAIN KALA
213,1163,97051,ISARAIN KHURD
213,1163,97052,KUMAR KHAND
213,1163,97054,LAXMIPUR BHAGWATI
213,1163,97053,LAXMIPUR CHANDISTHAN
213,1163,97055,MANGARBARA
213,1163,97056,PARMANAND PUR
213,1163,97057,PURAINI
213,1163,97058,RAHTA
213,1163,97059,RAMNAGAR MAHESH
213,1163,97060,RANI PATI SUKHASAN
213,1163,97061,RAOUTA
213,1163,97062,SIHPUR GADHIYA
213,1163,97063,TEGRAHA SIKIYAHA
213,1163,97064,TENAGRAHA PARIHARI
213,1161,97065,BALAM GADHIYA
213,1161,97066,BARAHI
213,1161,97067,BHDOL BUDHMA
213,1161,97068,BHELWA
213,1161,97069,DURGAON
213,1161,97070,KHOPAITI TUNIYAHI
213,1161,97071,MADANPUR
213,1161,97072,MADHUBAN
213,1161,97073,MAHESHUWA
213,1161,97074,MANIKPUR
213,1161,97075,MATHAHI
213,1161,97076,MURHO
213,1161,97078,SAHUGARH -2
213,1161,97077,SAHUGARH  -1
213,1161,97079,SAKARPURA  BETAUNA
213,1161,97080,SUKHASAN
213,1161,97081,TULSHI BARI RAJPUR MALIYA
213,1164,97082,BELO
213,1164,97083,BHATKHORA
213,1164,97085,DIGDHI
213,1164,97084,DINAPATTI SAKHUA
213,1164,97086,GANGAPUR
213,1164,97088,HARIPUR KALA
213,1164,97087,JITAPUR
213,1164,97089,JORGAMA
213,1164,97090,KOLIAHPATTI DUMARIYA
213,1164,97091,NADHI KHARI
213,1164,97092,PARWA NAVTOL
213,1164,97093,POKHRAM PARMANANDPUR
213,1164,97094,RAGHUNATHPUR
213,1164,97095,RAJNI
213,1164,97096,RAMPUR
213,1164,97097,SINGIYAN
213,1164,97098,TAMOUT PARSA
213,1168,97099,AURAI
213,1168,97100,BANSHGOPAL
213,1168,97101,DURGAPUR
213,1168,97102,GANESHPUR
213,1168,97103,KURSANDI
213,1168,97104,MAKDAMPUR
213,1168,97105,NARDAH
213,1168,97106,PURAINI
213,1168,97107,SAPARDAH
213,1162,97108,BEHRARI
213,1162,97109,GIDDHA
213,1162,97110,JIRWA MADHELI
213,1162,97111,MOURA JHARKAHA
213,1162,97112,MOURA KABIYAHI
213,1162,97113,PARSA
213,1162,97114,RAIBHIR
213,1162,97115,RAMPUR LAHI
213,1162,97116,SONBARSA
213,1159,97117,BAHAIRI
213,1159,97118,BHAWANIPUR
213,1159,97119,DULAR PIPRAHI
213,1159,97121,ITHARI GEHUMANI
213,1159,97122,JAJHAT SABAILA
213,1159,97123,KAMAR GAMA
213,1159,97124,LALPUR SARO PATTI
213,1159,97125,MANPUR
213,1159,97126,PATORI
213,1159,97127,RUPAULI
213,1159,97128,SINGHESHWAR
213,1159,97129,SUKHASAN
216,1207,97646,ALAMPUR SIMRI
216,1207,97647,AMNAUR
216,1207,97648,ATRAR
216,1207,97649,AURAI
216,1207,97650,BABHANGAMA
216,1207,97651,BHADAI
216,1207,97652,BHALURA
216,1207,97653,BHARATHUA
216,1207,97654,BISHUNPUR GOKHUL
216,1207,97655,BISHUNPUR UMAPATH BASANT
216,1207,97656,DHARHARWA
216,1207,97657,DIH JIWAR
216,1207,97658,GHANSHYAMPUR
216,1207,97659,JANADH JIWAJOR BENI
216,1207,97660,KHETALPUR
216,1207,97661,MAHESHWARA
216,1207,97662,MATHURAPUR BUJURG
216,1207,97663,NAYA GAON
216,1207,97664,RAJKHAND NORTH
216,1207,97665,RAJKHAND SOUTH
216,1207,97666,RAMPUR   SHAMBHUTA
216,1207,97667,RATWARA BINDWARA DEORIYA PASHCHIM
216,1207,97668,RATWARA EAST
216,1207,97669,SAHILA BALLI
216,1207,97670,SARHACHIYA
216,1207,97671,TARAJIWAR
216,1210,97672,BANDRA
216,1210,97673,BARGAWAN
216,1210,97674,HATHA
216,1210,97675,MUNNI BANGRI
216,1210,97676,MUTLUPUR
216,1210,97677,NUNFARA
216,1210,97678,PATSARA
216,1210,97679,PIRAPUR
216,1210,97680,RAMPUR DAYAL
216,1210,97681,SIMRA  CHAK SRINATH
216,1210,97682,SUNDARPUR RATWARA
216,1210,97683,TEPRI    URF HASAN NAGAR
216,1200,97851,BANSGHAT
216,1200,97852,BARIYARPUR [NORTH]
216,1200,97855,BARIYARPUR EAST
216,1200,97853,BARIYARPUR SOUTH
216,1200,97854,BARIYARPUR WEST
216,1200,97856,BARJI
216,1200,97859,BRAHMPUR KARMAN
216,1200,97860,EBRAHIMPUR
216,1200,97861,FATEHA
216,1200,97862,HARDI
216,1200,97863,HARNAHI
216,1200,97864,HARPUR
216,1200,97865,JAHANGIRPUR
216,1200,97866,JASAULI
216,1200,97867,JATOULIYA
216,1200,97869,KAMALPUR BITHROUL
216,1200,97870,KORIGAMA
216,1200,97871,MAHAMADPUR BALMI
216,1200,97872,MAHIMA GOPINATHPUR
216,1200,97873,MAHMADPUR MAHMADA
216,1200,97874,MANGURAHATAJPUR
216,1200,97875,MORSANDI
216,1200,97876,NARIAR
216,1200,97877,PAGAHIA
216,1200,97878,PAKARI
216,1200,97879,PARSOUNINATH
216,1200,97880,PATTI ASWARI
216,1200,97881,RAMPUR BHERIYAHI
216,1200,97882,THIKAHA
216,1206,97684,ADIGOPALPUR
216,1206,97685,BALTHI RASULPUR
216,1206,97686,BHUTANE
216,1206,97687,DEOGAN
216,1206,97688,GARHAN
216,1206,97689,JHAPHA
216,1206,97690,KAFAIN CHOUDHRI
216,1206,97691,KARANPUR NORTH
216,1206,97692,KARANPUR SOUTH
216,1206,97693,LOHSARI
216,1206,97694,MAIDAPUR
216,1206,97695,MAJHAULI
216,1206,97696,NARKATIYA
216,1206,97697,NARMA
216,1206,97698,PATIYASHA
216,1206,97699,RAMPUR JAIPAL
216,1206,97700,SAHILA RAMPUR
216,1206,97701,SHARFUDDINPUR
216,1206,97702,UNSAR
216,1206,97703,VISHUNPUR JAGDISH
216,1211,97883,BIDYA JHAP
216,1211,97884,BISHUNPUR BAKHRI
216,1211,97885,BISHUNPUR SRIRAM
216,1211,97886,HARSINGHPUR LOUTAN
216,1211,97887,ITHA RASULPUR
216,1211,97888,MIRA PUR
216,1211,97889,MOHAMMADPUR BADAL
216,1211,97890,PILKHI GAY PATTI
216,1211,97891,SADIKPUR MURAL
216,1209,97704,BAGHAKHAL
216,1209,97705,BAKHARI
216,1209,97706,BALAUR NIDHI
216,1209,97707,BARUARI
216,1209,97708,BERUA
216,1209,97709,BOARIDIH
216,1209,97710,DAHILA-PATSHARMA
216,1209,97711,JAMALPUR KODAI
216,1209,97712,JANTA
216,1209,97713,JARANG EAST
216,1209,97714,JARANG WEST
216,1209,97715,KAMARTHO
216,1209,97716,KANTA PIR ROUCHA (SOUTH)
216,1209,97717,KANTA PIROUCHHA (NOURTH)
216,1209,97718,KEWATSA
216,1209,97719,LADAUR
216,1209,97720,LAXMAN NAGAR
216,1209,97721,LOMA
216,1209,97722,MAHAMADPUR SURA
216,1209,97723,MAITHI
216,1209,97724,RAMNAGAR
216,1209,97725,SHIV DAHA
216,1209,97726,SUSTA
216,1204,97727,BAHUAARA
216,1204,97728,BAKATPUR
216,1204,97729,BIRPUR
216,1204,97730,DADAR KOLHUWA
216,1204,97731,DAMODARPUR
216,1204,97732,DHAMOULI RAMNATH EAST
216,1204,97733,DHAMOULI RAMNATH WEST
216,1204,97734,FULKANHAN MANI
216,1204,97735,GODAI   FULKANHAN
216,1204,97736,HARCHANDA
216,1204,97737,JHITKAHI MADHUBAN
216,1204,97738,LASKARIPUR
216,1204,97740,MANIKPUR NAROTAM
216,1204,97741,MUSTAFAPUR
216,1204,97742,PAIGAMBER PUR KOLHUA
216,1204,97743,PANAPUR HABELI
216,1204,97744,SADATPUR
216,1204,97745,SAIN
216,1204,97746,SHAHPUR
216,1204,97747,SHERUKAHI
216,1208,97748,BANDHPURA
216,1208,97749,BANSGHATTA
216,1208,97750,BARARI
216,1208,97751,BEL PAKAUNA
216,1208,97752,BERAI NORTH
216,1208,97753,BERAI SOUTH
216,1208,97754,CHANGEL
216,1208,97755,DHANAUR
216,1208,97756,HATHAURI
216,1208,97757,JAJUAR EAST
216,1208,97758,JAJUAR MIDDLE
216,1208,97759,JAJUAR WEST
216,1208,97760,KATAI
216,1208,97761,KATRA
216,1208,97762,KHANGURA DIH
216,1208,97763,LAKHAN PUR
216,1208,97764,MADHEPURA
216,1208,97765,NAGWARA
216,1208,97766,PAHSAUL
216,1208,97767,SHIVDAS PUR
216,1208,97768,SONPUR
216,1208,97769,TEHWARA
216,1213,97770,AKHTIYARPUR PARAIYA
216,1213,97771,AMARAKH
216,1213,97772,BALAURDIH
216,1213,97773,BANGRA BANSIDHAR
216,1213,97774,BASOULI
216,1213,97775,CHADHUA
216,1213,97776,CHAINPUR   WAZID
216,1213,97777,CHAKIYA
216,1213,97778,CHANDRA HATI
216,1213,97779,CHHAJAN HARISHANKAR WEST
216,1213,97780,CHHAJAN HARISHANKER     EAST
216,1213,97781,CHHITRAULI
216,1213,97782,DARIYAPUR KAFEN
216,1213,97783,DUBIAHI
216,1213,97784,FAKULI
216,1213,97785,HARISHANKAR MANIYARI
216,1213,97786,HARPUR BALRA
216,1213,97787,JAGARNATHPUR
216,1213,97788,JAMAHARUA
216,1213,97789,KERMADIH
216,1213,97790,KHARAUNA DIH
216,1213,97791,KINAROO
216,1213,97792,KISHUNPUR BALAUR
216,1213,97793,KISHUNPUR MADHUBAN
216,1213,97794,KISHUNPUR MOHNI
216,1213,97795,KURAHNI
216,1213,97796,LADAURA
216,1213,97798,MAHANTH MANIYARI
216,1213,97799,MOHAMMADPUR MOBARAK
216,1213,97800,PAKHAHIN
216,1213,97801,RAGHUNATHPUR MADHUBAN
216,1213,97802,RAJLA
216,1213,97803,RATNAULI
216,1213,97804,SHAHPUR MIRCHA
216,1213,97805,SHAKRI SARAIYA
216,1213,97806,SONWARSA
216,1213,97807,SUMERA
216,1203,97809,BARKAGAON NORTH
216,1203,97810,BARKAGAON SOUTH
216,1203,97811,BHATAUNA
216,1203,97812,GAVASARA
216,1203,97813,JHAKHADA SHEKH
216,1203,97814,JIYAN KHURD
216,1203,97815,KARJA DIH
216,1203,97816,MAKDUMPUR KODARIA  NORTH
216,1203,97817,MOHAMMAD PUR KHAJE
216,1203,97818,MOHAMMADPUR SUBEY
216,1203,97819,PAKARI PAKOHI
216,1203,97820,RAKSA
216,1203,97821,RUPWARA
216,1203,97822,SHUBHANKAR PUR
216,1205,97823,ALI NEORA
216,1205,97824,BARA BHARTI
216,1205,97825,BELAHI LACHHI
216,1205,97826,CHAND PARNA
216,1205,97827,CHATURSI
216,1205,97828,DHARAMPUR
216,1205,97829,GHOSAUT
216,1205,97830,GORIGAMA
216,1205,97831,HARKA MAN SHAHI
216,1205,97832,HARSER
216,1205,97833,JAMIN MATHIYA
216,1205,97834,KOILI
216,1205,97835,MADARIPUR KARN
216,1205,97836,MAHDEIYA
216,1205,97837,MAJHOULIYA
216,1205,97840,MUKSUDPUR
216,1205,97841,NANDNA
216,1205,97842,PAIGAMBARPUR
216,1205,97843,PANAPUR
216,1205,97844,PIPRAHAN ASLI
216,1205,97845,RAGHAI
216,1205,97846,RAGHOPUR
216,1205,97847,RANI KHAIRA URF BANUA
216,1205,97848,TENGRARI
216,1205,97849,TURKI  EAST
216,1205,97850,TURKI  WEST
216,1212,97892,ABDUL NAGAR URF MADHOPUR
216,1212,97893,BAIKATPUR
216,1212,97894,BARA JAGARNATH
216,1212,97895,BHAGWANPUR
216,1212,97896,BHIKHANPURA
216,1212,97897,CHHAPRA MEGH
216,1212,97898,DUMRI
216,1212,97899,JAMALA BAD
216,1212,97900,JHAPAHA
216,1212,97901,KANAULI BISHUNDAT
216,1212,97902,KHABRA
216,1212,97903,MADHUBANI
216,1212,97904,MAIJHAULI KHETAL
216,1212,97905,MANIKA  VISHNUDUT CHAND
216,1212,97906,MANIKA HARIKESH
216,1212,97907,MUSHAHARI   RADHA NAGAR
216,1212,97908,NARAULI
216,1212,97909,PATAHIN
216,1212,97910,PRAHLADPUR
216,1212,97911,RAJWARA BHAGWAN
216,1212,97912,ROHUA
216,1212,97913,SHAHBAZPUR
216,1212,97914,SHEKHPUR
216,1212,97915,SHERPUR
216,1212,97916,SUSTA
216,1212,97917,TARAURA
216,1201,97918,ANANDPUR KHARAUNI
216,1201,97919,BAHDINPUR
216,1201,97920,BAIJALPUR
216,1201,97921,BAJITPUR
216,1201,97922,BHAGWANPUR SIMRA
216,1201,97923,BISHANPUR SARAIYA
216,1201,97924,CHAKI SOHAGPUR
216,1201,97925,CHAND KEWARI
216,1201,97926,CHINTAMANPUR
216,1201,97927,CHOCHAHI CHHAPRA
216,1201,97928,DEORIA   EAST
216,1201,97929,DEORIA WEST
216,1201,97930,DHARPHARI
216,1201,97931,FATEHABAD
216,1201,97932,GHAYASPUR
216,1201,97933,JAFARPUR
216,1201,97934,JAGDISHPUR BAYA
216,1201,97935,JAIMAL DUMRI
216,1201,97936,KAMALPURA
216,1201,97937,KATARU
216,1201,97938,KHUTAHI
216,1201,97939,KORIA NIZAMAT
216,1201,97940,LALOO CHAPRA
216,1201,97941,MANGURAHIYAN
216,1201,97942,MOHABBATPUR
216,1201,97943,MOHJAMMA
216,1201,97944,NEKNAMEPUR
216,1201,97945,PANDEH
216,1201,97946,PAROO [N]
216,1201,97947,PAROO [S]
216,1201,97948,RAGHUNATHPUR
216,1201,97949,RAMPUR KESO URF MALAHI
216,1201,97950,SARIYA
216,1201,97951,USTI
216,1199,97952,AHIYAPUR
216,1199,97954,BANGRA NIZAMAT
216,1199,97955,BASATPUR CHANPUR
216,1199,97956,BASUDEOPUR SARAI
216,1199,97957,BISHANPUR PATTI
216,1199,97958,BISHUNPUR KALYAN
216,1199,97959,GAURA
216,1199,97960,GULAB PATTI
216,1199,97961,HALIMPUR
216,1199,97962,HUSEPUR
216,1199,97963,HUSEPUR RATI
216,1199,97964,JAGDISHPUR
216,1199,97965,MADHOPUR HAJARI
216,1199,97967,PAHARPUR MANORATH
216,1199,97968,PAKRI BASARAT
216,1199,97969,PRASAUNI RAISI
216,1199,97971,RAJEPUR
216,1199,97973,ROOP CHAPRA
216,1199,97974,SARAIYA
216,1214,97975,BAJI BUJURG
216,1214,97976,BARIYARPUR
216,1214,97977,BERUADIH
216,1214,97978,BHARTHIPUR
216,1214,97979,BISHANPUR BAGHNAGARI
216,1214,97980,CHANDANPATTI
216,1214,97981,DIHULI ISHAQUE
216,1214,97982,DUBAHAN  BUJURG
216,1214,97984,GANNIPUR BEJHA
216,1214,97985,GAURIHAN KHALIK NAGAR
216,1214,97986,HARLOCHANPUR
216,1214,97987,JAGDISHPUR BAGHNAGRI
216,1214,97988,KATESHAR
216,1214,97989,KESHOPUR
216,1214,97990,MACHHAHI
216,1214,97991,MAJHAULIA
216,1214,97992,MARWAN URF AJIJRAGAR
216,1214,97993,MISHRAULIA
216,1214,97994,PAIGAMBERPUR
216,1214,97995,RAGHUNATHPUR DONMA
216,1214,97996,RAJAPAKAR
216,1214,97997,RAMPUR KRISHNA
216,1214,97998,RAMPUR MANI
216,1214,97999,RUPANPATTI      MATHURA
216,1214,98000,SAKRA WAJID
216,1214,98001,SARMASTPUR
216,1214,98002,SIRAJABAD
216,1202,98003,AMAITHA
216,1202,98004,AMBARATEJ SINGH
216,1202,98005,BAHILWAR GOBIND
216,1202,98007,BAHILWARA RUPNATH NORTH
216,1202,98006,BAHILWARA RUPNATH SOUTH
216,1202,98008,BAKHRA
216,1202,98009,BASAITHA
216,1202,98010,BERUA
216,1202,98011,CHAKIBRAHIM
216,1202,98012,CHAKNA
216,1202,98013,DATAPUR PUNCH BHINDA
216,1202,98014,GINJAS
216,1202,98015,GOPI DHANWAT
216,1202,98016,GOPINATHPUR DOKRA
216,1202,98017,GORGAMANDIH
216,1202,98018,KHAIRA
216,1202,98019,KOLHUA
216,1202,98020,MADHAUL
216,1202,98022,MARWAPAKAR
216,1202,98023,NARNGI JIWNATH
216,1202,98024,POKHRAIRA
216,1202,98025,RAJA RAMPUR
216,1202,98026,RAMKRISHANDU BIYAHI
216,1202,98027,REPORA RAMPUR BALI
216,1202,98028,REPURA RAMPUR BISNATH
216,1202,98029,REWA BASANTPUR NORTH
216,1202,98030,REWA BASANTPUR SOUTH
216,1202,98031,RUPAULI
216,1202,98032,SARAIYA